epoch, D loss, accuracy, G loss
0,0.6511979,57.8125, 0.19813773
1,0.5470333,62.5, 0.16453815
2,0.32833064,84.375, 0.17766255
3,0.2963832,92.1875, 0.3256064
4,0.2566789,93.75, 0.49993002
5,0.21528773,98.4375, 0.79536927
6,0.16517347,100.0, 0.97154695
7,0.18388593,98.4375, 0.986683
8,0.147094,100.0, 1.2608191
9,0.14998145,98.4375, 1.624618
10,0.102774,100.0, 1.4948578
11,0.10885388,100.0, 1.8029232
12,0.106139414,100.0, 2.0129905
13,0.108520046,100.0, 1.9987453
14,0.093397915,100.0, 2.1900773
15,0.080676675,100.0, 2.2774787
16,0.07546405,100.0, 2.3381605
17,0.070555106,100.0, 2.6867023
18,0.07389922,100.0, 2.7900126
19,0.06985429,100.0, 2.8988602
20,0.07730502,100.0, 3.0919304
21,0.07057312,100.0, 3.1120224
22,0.06038283,100.0, 3.3398285
23,0.05971103,100.0, 3.3427753
24,0.06133309,100.0, 3.7683754
25,0.044655945,100.0, 3.8691423
26,0.05511544,100.0, 3.8363485
27,0.043615803,100.0, 3.8888369
28,0.038370147,100.0, 4.387984
29,0.044957366,100.0, 3.9956427
30,0.040055238,100.0, 4.5409145
31,0.043408412,100.0, 4.5075045
32,0.032757364,100.0, 4.8401256
33,0.036126994,100.0, 4.339912
34,0.054570075,100.0, 4.920559
35,0.031644065,100.0, 5.082645
36,0.038343966,100.0, 5.4602833
37,0.036931034,100.0, 5.2292624
38,0.023412347,100.0, 5.497643
39,0.033033244,100.0, 5.5656414
40,0.04673248,98.4375, 5.330899
41,0.029518345,100.0, 5.8746557
42,0.028152766,100.0, 5.1780357
43,0.027481591,100.0, 6.198131
44,0.026321031,100.0, 6.006181
45,0.028335255,100.0, 6.2170796
46,0.021677738,100.0, 6.422737
47,0.021440936,100.0, 7.0949078
48,0.025176916,100.0, 7.031869
49,0.021395467,100.0, 6.469819
50,0.021656789,100.0, 6.5775323
51,0.042818762,98.4375, 6.468396
52,0.021641733,100.0, 6.964695
53,0.031033417,100.0, 6.4446077
54,0.01737779,100.0, 7.4914384
55,0.02185911,100.0, 7.3292375
56,0.019229988,100.0, 6.887541
57,0.024722122,100.0, 7.8484077
58,0.022266956,100.0, 7.017018
59,0.020427015,100.0, 7.916747
60,0.020070193,100.0, 7.489093
61,0.022307653,100.0, 7.820922
62,0.037940063,98.4375, 8.1017275
63,0.014809057,100.0, 7.834995
64,0.019826842,100.0, 7.495085
65,0.024530519,100.0, 7.8625803
66,0.023138087,100.0, 8.09288
67,0.018934667,100.0, 8.060805
68,0.045655116,98.4375, 7.539954
69,0.022853643,100.0, 8.104198
70,0.014331573,100.0, 7.8247895
71,0.023172041,100.0, 7.858259
72,0.014056725,100.0, 9.058407
73,0.024971059,100.0, 8.293547
74,0.016044496,100.0, 9.228008
75,0.01626322,100.0, 8.229494
76,0.01865255,100.0, 8.863353
77,0.025961941,100.0, 8.814105
78,0.021633847,100.0, 8.656627
79,0.026909418,100.0, 8.733385
80,0.024857871,100.0, 9.1892395
81,0.024705052,100.0, 8.7680435
82,0.024979828,100.0, 8.991887
83,0.013355953,100.0, 9.31156
84,0.02408225,100.0, 9.834295
85,0.023380496,100.0, 10.167352
86,0.027816385,100.0, 9.515621
87,0.02350828,100.0, 8.944237
88,0.022180302,100.0, 9.339087
89,0.019302072,100.0, 9.342683
90,0.02245834,100.0, 9.762943
91,0.025895465,100.0, 9.448768
92,0.022117667,100.0, 8.800491
93,0.02135846,100.0, 10.061159
94,0.11916408,96.875, 8.028681
95,0.068130046,100.0, 6.6693916
96,0.03937487,100.0, 8.749471
97,0.01936876,100.0, 10.405956
98,0.024960753,100.0, 9.757046
99,0.026423011,100.0, 9.999657
100,0.02412431,100.0, 10.374039
101,0.019015236,100.0, 11.041548
102,0.051631972,100.0, 9.8549595
103,0.015008246,100.0, 9.7638235
104,0.04276903,100.0, 9.981278
105,0.042921893,100.0, 10.592369
106,0.0782829,98.4375, 9.761573
107,0.0269012,100.0, 10.074729
108,0.085527614,96.875, 11.226299
109,0.041373488,98.4375, 13.527775
110,0.09164736,98.4375, 12.702191
111,0.04049876,100.0, 10.970953
112,0.05123408,98.4375, 9.205936
113,0.03535601,100.0, 9.63965
114,0.088406794,96.875, 11.95373
115,0.063412204,98.4375, 9.472629
116,0.07509352,98.4375, 11.551565
117,0.2887543,87.5, 6.7643623
118,0.0594943,98.4375, 12.239563
119,0.080534495,98.4375, 10.94932
120,0.14049381,93.75, 11.57698
121,0.038896333,100.0, 11.879364
122,0.2078781,92.1875, 13.5938015
123,0.18068999,95.3125, 7.327791
124,0.13644545,93.75, 7.248329
125,0.1587469,92.1875, 13.234632
126,0.62886256,73.4375, 8.926283
127,0.0796237,96.875, 6.674655
128,0.2365247,93.75, 10.759636
129,0.24597728,89.0625, 9.847338
130,0.12744534,96.875, 11.518537
131,0.06848855,98.4375, 11.723642
132,0.36488953,82.8125, 9.809522
133,0.13846299,95.3125, 10.951775
134,0.24871226,92.1875, 8.091302
135,0.09579748,96.875, 11.997046
136,0.46811616,79.6875, 7.3392954
137,0.12761685,96.875, 6.5937886
138,0.0739115,100.0, 7.30817
139,0.10448255,98.4375, 6.733593
140,0.29617846,89.0625, 6.6048017
141,0.14205599,95.3125, 6.9633427
142,0.14765777,96.875, 6.566373
143,0.1649904,90.625, 8.542206
144,0.32712135,82.8125, 6.504296
145,0.09173302,98.4375, 8.490021
146,0.20595884,89.0625, 7.641613
147,0.17100173,95.3125, 7.25279
148,0.14931826,93.75, 7.177701
149,0.09925206,95.3125, 6.773081
150,0.14907207,93.75, 7.3978643
151,0.14525288,96.875, 8.9327755
152,0.42259744,79.6875, 5.922935
153,0.073718034,98.4375, 9.553516
154,0.20108783,89.0625, 5.516883
155,0.14590465,95.3125, 7.878311
156,0.3497405,85.9375, 6.3399916
157,0.12096788,98.4375, 7.878328
158,0.28224626,89.0625, 4.528743
159,0.2546933,95.3125, 6.0736036
160,0.29156303,90.625, 5.44316
161,0.25809094,90.625, 5.147458
162,0.26124865,89.0625, 5.027648
163,0.41215736,82.8125, 7.866516
164,0.14538464,93.75, 10.914412
165,0.32636005,84.375, 4.876721
166,0.28244627,87.5, 7.1424046
167,0.1392181,95.3125, 6.278066
168,0.18644843,89.0625, 5.698369
169,0.12540859,98.4375, 7.126441
170,0.18656613,95.3125, 4.7398596
171,0.22860208,92.1875, 4.55653
172,0.22406045,90.625, 5.4967175
173,0.27217865,87.5, 4.3738036
174,0.20530437,93.75, 6.8311977
175,0.1745909,95.3125, 8.390308
176,0.32302514,85.9375, 4.288535
177,0.25185487,93.75, 6.962508
178,0.17259917,92.1875, 5.076265
179,0.4592017,71.875, 5.932149
180,0.074971616,98.4375, 8.232006
181,0.3174758,85.9375, 3.9898987
182,0.3079054,85.9375, 7.238064
183,0.16318092,93.75, 6.087804
184,0.5251671,67.1875, 7.1950083
185,0.41375822,85.9375, 4.906807
186,0.5267588,78.125, 6.843029
187,0.42708302,79.6875, 3.5482545
188,0.15539636,96.875, 3.7670617
189,0.3819915,79.6875, 5.7745457
190,0.437537,79.6875, 2.6999168
191,0.35431695,87.5, 4.561743
192,0.34668928,81.25, 5.152278
193,0.25870755,95.3125, 5.6014147
194,0.60545164,76.5625, 2.2018046
195,0.17785731,95.3125, 4.624155
196,0.41440377,81.25, 4.0269203
197,0.33372515,84.375, 3.9002988
198,0.20933594,93.75, 6.055633
199,0.27012867,92.1875, 5.6695566
200,0.80567455,68.75, 1.8630574
201,0.26764587,85.9375, 5.341957
202,0.5655167,73.4375, 3.7499886
203,0.42281497,78.125, 4.281909
204,0.39170027,84.375, 4.5348525
205,0.7536527,56.25, 2.552589
206,0.19366002,89.0625, 5.1796064
207,0.3491466,87.5, 3.7453458
208,0.4376657,84.375, 2.7002172
209,0.3309276,85.9375, 4.5008254
210,0.44950432,76.5625, 3.9725618
211,0.3328146,87.5, 4.0301824
212,0.55441886,71.875, 5.767904
213,0.95018625,57.8125, 2.8107963
214,0.51300114,81.25, 2.7826505
215,0.3100394,90.625, 4.8634486
216,0.5264567,81.25, 2.8969522
217,0.4085344,82.8125, 3.0482392
218,0.405084,87.5, 3.146095
219,0.2818111,90.625, 4.2074957
220,0.40013573,81.25, 3.5202658
221,0.43686807,76.5625, 3.8926206
222,0.8698356,54.6875, 1.7854674
223,0.29876173,90.625, 4.8305454
224,0.78143996,68.75, 1.2316587
225,0.40665525,76.5625, 3.3059654
226,0.31184843,89.0625, 3.2342381
227,0.5030295,85.9375, 2.7653177
228,0.43689016,73.4375, 3.401294
229,0.41507742,85.9375, 2.5966163
230,0.4625823,73.4375, 3.1596406
231,0.58806074,71.875, 2.564272
232,0.55085474,71.875, 1.8512384
233,0.5975044,62.5, 3.9771228
234,0.5197338,78.125, 2.6224709
235,0.5747234,76.5625, 2.834237
236,0.33152023,85.9375, 2.4751341
237,0.604704,70.3125, 1.9636538
238,0.67079854,71.875, 3.0517313
239,0.4599874,82.8125, 2.180604
240,0.6210818,67.1875, 1.6680195
241,0.4567187,84.375, 2.017536
242,0.5865014,78.125, 3.0751514
243,0.54220307,75.0, 1.8454103
244,0.55957985,68.75, 1.3489181
245,0.55042994,73.4375, 2.1216178
246,0.5202967,82.8125, 1.4914074
247,0.44318277,75.0, 2.3123817
248,0.3184505,93.75, 1.9993637
249,0.45397735,82.8125, 1.9002254
250,0.86721146,60.9375, 1.1785895
251,0.5001475,78.125, 1.3505856
252,0.5562404,70.3125, 1.7479944
253,0.31653684,92.1875, 1.5923746
254,0.4656855,82.8125, 2.3597302
255,0.48251778,81.25, 1.9526004
256,0.52347594,79.6875, 1.5081733
257,0.53273624,79.6875, 1.7099102
258,0.49442697,78.125, 1.9155848
259,0.5609522,70.3125, 1.9947946
260,0.6889082,68.75, 1.020061
261,0.4067225,85.9375, 2.0145562
262,0.3647223,87.5, 2.0224087
263,0.4216189,82.8125, 1.7501907
264,0.36974734,89.0625, 1.6828682
265,0.40650034,81.25, 2.2174957
266,0.47499037,79.6875, 2.1992989
267,0.5690136,68.75, 1.5083032
268,0.7063514,67.1875, 1.1782289
269,0.50623584,70.3125, 1.6337329
270,0.6061989,79.6875, 1.7427701
271,0.50269914,76.5625, 1.0004747
272,0.35080802,87.5, 1.9831334
273,0.38994092,92.1875, 2.336032
274,0.5589802,71.875, 0.9439689
275,0.4925156,82.8125, 1.472961
276,0.48327962,81.25, 1.7123023
277,0.5860331,75.0, 1.7338767
278,0.42551458,89.0625, 2.0704803
279,0.5064614,82.8125, 1.62255
280,0.50172603,78.125, 1.3635857
281,0.57384574,78.125, 1.113297
282,0.5875427,68.75, 1.6301637
283,0.6297667,70.3125, 1.1171975
284,0.47842586,71.875, 2.30475
285,0.5236632,67.1875, 1.0921566
286,0.58951426,70.3125, 1.3881302
287,0.76772714,59.375, 1.8957253
288,0.5113363,71.875, 2.5637243
289,0.57177484,68.75, 1.388099
290,0.6904631,71.875, 1.6678579
291,0.6824972,62.5, 1.2193459
292,0.54221183,71.875, 1.2626469
293,0.74807614,51.5625, 0.98154724
294,0.5017768,75.0, 1.1678569
295,0.49647957,79.6875, 1.2495637
296,0.48803204,78.125, 1.3142666
297,0.39444542,82.8125, 1.9467425
298,0.47431108,75.0, 1.0852785
299,0.4333567,85.9375, 1.3454618
300,0.8360559,48.4375, 1.4381077
301,0.6054601,62.5, 1.8697903
302,0.7463126,67.1875, 0.7377496
303,0.5154025,71.875, 0.833514
304,0.52001286,79.6875, 1.7544982
305,0.60208553,73.4375, 1.2706989
306,0.814152,50.0, 0.658006
307,0.57011473,76.5625, 1.5608242
308,0.59362525,71.875, 1.177774
309,0.75995123,71.875, 0.8757808
310,0.49420822,79.6875, 1.022624
311,0.71990347,62.5, 0.90856576
312,0.4693743,85.9375, 1.1965508
313,0.49668092,75.0, 0.8401139
314,0.60367054,70.3125, 0.9375969
315,0.47473085,82.8125, 1.2399416
316,0.6047729,70.3125, 0.919849
317,0.7000325,62.5, 1.1321034
318,0.57873166,78.125, 1.3118765
319,0.6401453,68.75, 0.7047286
320,0.6563891,67.1875, 0.8443025
321,0.7420343,56.25, 0.53159094
322,0.48785818,81.25, 0.8486877
323,0.64704967,75.0, 0.9142185
324,0.645357,76.5625, 0.91767746
325,0.6316509,68.75, 0.63664925
326,0.63154215,67.1875, 0.9379883
327,0.4508304,73.4375, 1.5330561
328,0.5838467,76.5625, 0.77454025
329,0.6088294,73.4375, 0.6250893
330,0.647998,68.75, 0.74626803
331,0.57746327,76.5625, 0.6292907
332,0.599647,79.6875, 0.84514856
333,0.7092564,65.625, 0.62722933
334,0.5584425,75.0, 0.50264156
335,0.6749152,67.1875, 0.5826317
336,0.47698972,84.375, 0.92884487
337,0.7216109,53.125, 0.42592603
338,0.54375887,70.3125, 0.8273605
339,0.5623493,71.875, 0.87474805
340,0.6038836,79.6875, 0.7258205
341,0.56570166,78.125, 0.54922235
342,0.5274658,73.4375, 0.7584909
343,0.57149136,75.0, 0.8633523
344,0.57071483,73.4375, 0.7438724
345,0.61428046,78.125, 0.829517
346,0.48970076,81.25, 0.7488209
347,0.6645807,67.1875, 0.39250836
348,0.551895,79.6875, 0.5742737
349,0.36296883,93.75, 1.134419
350,0.54453236,78.125, 1.0650257
351,0.5598229,78.125, 0.7775095
352,0.4932713,79.6875, 0.8025824
353,0.6596952,67.1875, 0.7059306
354,0.4740753,84.375, 0.75426316
355,0.45179015,82.8125, 0.7954057
356,0.6518291,65.625, 0.6727669
357,0.43898302,79.6875, 1.0581583
358,0.8002846,53.125, 0.80754626
359,0.5680497,79.6875, 0.68174744
360,0.5270444,76.5625, 0.44544554
361,0.50776535,78.125, 0.890163
362,0.5258125,78.125, 0.88650763
363,0.5594846,70.3125, 0.74972445
364,0.5424235,76.5625, 0.98341894
365,0.5551268,76.5625, 0.5550102
366,0.5590028,67.1875, 0.7375717
367,0.5366341,81.25, 0.55825114
368,0.6893686,62.5, 0.5186076
369,0.51276547,81.25, 0.6589869
370,0.5486811,75.0, 0.9027475
371,0.63075405,68.75, 0.57290787
372,0.6796726,65.625, 0.3940642
373,0.5248492,78.125, 0.6479049
374,0.67571914,62.5, 0.5552279
375,0.6227915,70.3125, 0.42210692
376,0.62832355,68.75, 0.510645
377,0.5523299,73.4375, 0.5408144
378,0.54671615,71.875, 0.7345607
379,0.5552914,76.5625, 0.76585084
380,0.5241487,79.6875, 0.5203521
381,0.57206875,70.3125, 0.5972117
382,0.43361282,84.375, 0.9453231
383,0.5761601,81.25, 0.6694689
384,0.5347819,78.125, 0.53683585
385,0.46995217,84.375, 0.6076789
386,0.4877097,81.25, 0.648099
387,0.54506505,76.5625, 0.7101873
388,0.44424844,85.9375, 0.78664196
389,0.55625224,79.6875, 0.58685935
390,0.53558946,78.125, 0.48809883
391,0.4806457,81.25, 0.83948505
392,0.5186769,78.125, 0.8360548
393,0.56381,79.6875, 0.561746
394,0.5881088,67.1875, 0.4549504
395,0.49107853,81.25, 0.65244305
396,0.54526806,78.125, 0.60315555
397,0.652064,71.875, 0.70754135
398,0.55814207,71.875, 0.6088035
399,0.52389485,73.4375, 0.9299557
400,0.53334725,73.4375, 0.66667163
401,0.52670205,70.3125, 0.57724375
402,0.5511875,68.75, 0.59469813
403,0.48607707,85.9375, 0.5589391
404,0.52945346,76.5625, 0.5542836
405,0.40501654,87.5, 0.7107166
406,0.5243301,78.125, 0.77363104
407,0.4338225,85.9375, 0.69067645
408,0.56072265,78.125, 0.52177894
409,0.49906704,79.6875, 0.5738197
410,0.4546913,81.25, 0.7236712
411,0.5064572,81.25, 0.78433526
412,0.47703058,84.375, 0.62812144
413,0.428178,89.0625, 0.6643514
414,0.48229814,73.4375, 0.88116
415,0.44350287,84.375, 0.7900378
416,0.52422,78.125, 0.74003476
417,0.56844944,78.125, 0.74380994
418,0.43237594,82.8125, 0.8263159
419,0.5189204,79.6875, 0.7915113
420,0.56342167,78.125, 0.81531763
421,0.4925729,85.9375, 0.63280785
422,0.56334656,78.125, 0.51725626
423,0.4724813,89.0625, 0.63544405
424,0.5432099,75.0, 0.52471864
425,0.6023557,75.0, 0.63697106
426,0.42721668,85.9375, 0.71560514
427,0.49266702,76.5625, 0.62041503
428,0.64772415,68.75, 0.44317234
429,0.4747744,81.25, 0.5921314
430,0.45136678,89.0625, 0.66205496
431,0.43347555,82.8125, 0.7138306
432,0.5345155,73.4375, 0.9913858
433,0.501606,82.8125, 1.058267
434,0.4427982,85.9375, 0.65511423
435,0.46567982,81.25, 0.70430255
436,0.49655145,82.8125, 0.67169845
437,0.5378051,78.125, 0.57052475
438,0.5016321,81.25, 0.7970106
439,0.5249265,71.875, 0.9055742
440,0.49640954,81.25, 0.51855993
441,0.433277,85.9375, 0.89645225
442,0.63448143,65.625, 0.58355945
443,0.5093822,84.375, 0.7789444
444,0.50492084,78.125, 0.6740216
445,0.38768673,85.9375, 0.8785237
446,0.4808824,76.5625, 0.67409
447,0.43532693,81.25, 0.8985989
448,0.5129382,78.125, 0.85332483
449,0.5800003,64.0625, 1.1788805
450,0.54954207,76.5625, 0.7479656
451,0.5440217,71.875, 0.49271983
452,0.56090873,73.4375, 0.48145962
453,0.44908446,89.0625, 0.76773095
454,0.47138226,82.8125, 0.93489456
455,0.5250238,73.4375, 0.7167921
456,0.4651084,82.8125, 0.73498726
457,0.5980886,65.625, 0.56288373
458,0.4287215,79.6875, 0.91287875
459,0.52097243,78.125, 1.0651482
460,0.5781589,76.5625, 0.6077775
461,0.5340608,73.4375, 0.601127
462,0.46543375,81.25, 0.55286086
463,0.53571546,75.0, 0.68194616
464,0.49151063,81.25, 0.7022674
465,0.44710737,82.8125, 0.8001385
466,0.57116115,70.3125, 0.51357627
467,0.56933105,64.0625, 0.41461128
468,0.5946858,75.0, 0.6310788
469,0.48851892,82.8125, 0.79544145
470,0.50143224,78.125, 0.5755235
471,0.40505767,84.375, 0.71375775
472,0.46206856,78.125, 0.9562217
473,0.6215043,71.875, 0.41864806
474,0.37671494,85.9375, 0.86979437
475,0.65755844,68.75, 0.83426255
476,0.4307087,81.25, 0.8392248
477,0.58289194,71.875, 0.653964
478,0.5756583,68.75, 0.53166735
479,0.49232286,79.6875, 0.4640178
480,0.39126277,85.9375, 0.8132598
481,0.37699392,87.5, 1.1832463
482,0.5583792,71.875, 0.8136072
483,0.45628867,85.9375, 0.6525175
484,0.48869815,78.125, 0.47717503
485,0.5501799,75.0, 0.56132543
486,0.43443364,84.375, 0.8310364
487,0.4439674,82.8125, 0.9195318
488,0.5059393,79.6875, 0.71837026
489,0.5272148,76.5625, 0.5135924
490,0.5973833,68.75, 0.6355369
491,0.48391747,71.875, 0.9981096
492,0.613305,76.5625, 0.4771879
493,0.5806019,70.3125, 0.4882657
494,0.523156,73.4375, 0.52793765
495,0.4791201,73.4375, 0.7919972
496,0.3869069,92.1875, 0.7912036
497,0.5418754,75.0, 0.81656283
498,0.5269209,73.4375, 0.6492039
499,0.5428683,76.5625, 0.61542296
500,0.5526321,75.0, 0.6097871
501,0.5524533,79.6875, 0.55233157
502,0.4595005,78.125, 0.62892437
503,0.46881962,84.375, 0.7494871
504,0.4503996,85.9375, 0.80654335
505,0.52218103,78.125, 0.6341286
506,0.42051345,87.5, 0.6680242
507,0.5574906,65.625, 0.4989402
508,0.49344146,75.0, 0.77123284
509,0.48583925,82.8125, 0.734399
510,0.56419504,76.5625, 0.81441146
511,0.560203,70.3125, 0.6072831
512,0.53834313,71.875, 0.6087576
513,0.5161189,73.4375, 0.5203651
514,0.4252267,84.375, 0.7562542
515,0.5040659,82.8125, 0.62460923
516,0.41678163,85.9375, 0.9799497
517,0.5046083,84.375, 0.8439652
518,0.650281,67.1875, 0.46199
519,0.4448473,82.8125, 0.65210485
520,0.47970665,84.375, 0.66234136
521,0.51993644,73.4375, 0.5059753
522,0.4116369,82.8125, 0.7077803
523,0.4674263,78.125, 0.7166405
524,0.49966273,79.6875, 0.695445
525,0.5000232,75.0, 0.7872258
526,0.68570054,64.0625, 0.6255045
527,0.39969757,82.8125, 1.1537985
528,0.4846666,78.125, 0.97180986
529,0.5559573,79.6875, 0.8550743
530,0.6222811,67.1875, 0.5439859
531,0.43433064,84.375, 0.7914896
532,0.4533176,79.6875, 0.76556695
533,0.46010876,79.6875, 0.6763078
534,0.46599078,82.8125, 0.6205322
535,0.5045583,76.5625, 0.7158934
536,0.5532105,79.6875, 0.6775398
537,0.49201107,75.0, 0.76622635
538,0.48571762,84.375, 0.7134252
539,0.56835175,78.125, 0.5329074
540,0.5885519,73.4375, 0.5653484
541,0.55799866,64.0625, 0.46106946
542,0.43793407,81.25, 0.6808518
543,0.557389,75.0, 0.78353935
544,0.49832958,68.75, 0.7263466
545,0.5916786,71.875, 0.6337621
546,0.5718889,78.125, 0.55844796
547,0.5012305,75.0, 0.787198
548,0.4562682,81.25, 0.95613486
549,0.5719282,70.3125, 0.6331503
550,0.5966273,68.75, 0.4118587
551,0.59634423,73.4375, 0.5830436
552,0.6192045,67.1875, 0.4792462
553,0.50053847,79.6875, 0.678411
554,0.5427363,71.875, 0.6333295
555,0.5792297,73.4375, 0.55261016
556,0.49271548,81.25, 0.777905
557,0.51832414,70.3125, 0.46106434
558,0.53848076,73.4375, 0.5698011
559,0.5868804,62.5, 0.58500737
560,0.52646637,71.875, 0.55501443
561,0.4618813,82.8125, 0.7735305
562,0.45603067,82.8125, 0.9309493
563,0.6043273,73.4375, 0.69419193
564,0.5328777,73.4375, 0.7147207
565,0.5436636,79.6875, 0.5310222
566,0.5065029,78.125, 0.57816994
567,0.5322164,75.0, 0.48629057
568,0.51074004,70.3125, 0.5413785
569,0.46175677,82.8125, 0.730374
570,0.52427495,81.25, 0.71279263
571,0.5201329,75.0, 0.6047778
572,0.5424304,71.875, 0.38848132
573,0.53322196,75.0, 0.3860098
574,0.5525672,70.3125, 0.80007243
575,0.53506315,73.4375, 0.75584704
576,0.56315696,75.0, 0.52454394
577,0.5630547,78.125, 0.43996483
578,0.46090147,78.125, 0.79082716
579,0.45000857,81.25, 0.77963424
580,0.49213082,79.6875, 0.70477545
581,0.51253366,73.4375, 0.54337126
582,0.4975404,76.5625, 0.6083804
583,0.4957887,78.125, 0.631479
584,0.5469132,73.4375, 0.5558579
585,0.54237705,75.0, 0.4662623
586,0.5178369,71.875, 0.5618987
587,0.4745317,82.8125, 0.6062773
588,0.6940243,62.5, 0.51348907
589,0.42891318,81.25, 0.95716953
590,0.5247108,70.3125, 0.6818174
591,0.6881602,62.5, 0.5008098
592,0.628942,60.9375, 0.38230398
593,0.5572756,73.4375, 0.4665096
594,0.47004974,76.5625, 0.9163835
595,0.56515163,71.875, 0.70779604
596,0.5344095,76.5625, 0.69403666
597,0.47793502,79.6875, 0.7463207
598,0.46033543,76.5625, 0.7866615
599,0.40825993,84.375, 0.74892044
600,0.55790746,71.875, 0.86505485
601,0.54023945,71.875, 0.6657151
602,0.4875729,76.5625, 0.5517902
603,0.6257036,71.875, 0.46223783
604,0.5317621,71.875, 0.6163219
605,0.53201246,71.875, 0.6145755
606,0.45485547,82.8125, 0.8973182
607,0.59342754,67.1875, 0.6313535
608,0.61334646,71.875, 0.766712
609,0.7015777,59.375, 0.45974505
610,0.61778665,70.3125, 0.5754043
611,0.5140612,73.4375, 0.6334171
612,0.5609228,67.1875, 0.57392013
613,0.53269696,75.0, 0.6474205
614,0.56091416,73.4375, 0.4825357
615,0.42979115,84.375, 0.74223495
616,0.62127835,62.5, 0.6799747
617,0.51098263,76.5625, 0.762584
618,0.5769943,68.75, 0.59840333
619,0.486575,81.25, 0.7779175
620,0.44492143,82.8125, 0.6561297
621,0.5123079,75.0, 0.63180566
622,0.47123927,78.125, 0.8621135
623,0.4743117,82.8125, 0.59080875
624,0.49657553,76.5625, 0.75673854
625,0.56091404,76.5625, 0.5508894
626,0.6351126,64.0625, 0.5296362
627,0.5604757,78.125, 0.79570484
628,0.55856156,76.5625, 0.6457557
629,0.5842596,73.4375, 0.55107236
630,0.5676729,76.5625, 0.56538665
631,0.51803195,73.4375, 0.48018476
632,0.47268528,78.125, 0.53754497
633,0.47715864,85.9375, 0.7129789
634,0.44597566,89.0625, 0.7593416
635,0.5115058,76.5625, 0.7670132
636,0.51595956,73.4375, 0.75853527
637,0.6354487,71.875, 0.5780163
638,0.5461828,73.4375, 0.4676172
639,0.4473577,79.6875, 0.59404355
640,0.5492356,78.125, 0.6172056
641,0.5789362,78.125, 0.9362726
642,0.5673145,78.125, 0.66233873
643,0.5542221,75.0, 0.5069133
644,0.60766417,65.625, 0.5245635
645,0.56674176,70.3125, 0.6255894
646,0.47542283,84.375, 0.792209
647,0.60458034,73.4375, 0.5697632
648,0.6211152,65.625, 0.73453414
649,0.5745374,70.3125, 0.56702995
650,0.521244,81.25, 0.6822002
651,0.5591569,75.0, 0.75322145
652,0.5979686,65.625, 0.96680075
653,0.5314321,76.5625, 0.98291814
654,0.57818973,73.4375, 0.59183115
655,0.54165995,78.125, 0.6472513
656,0.5552721,70.3125, 0.452932
657,0.5573449,73.4375, 0.51721287
658,0.4768417,76.5625, 0.70865536
659,0.5451051,70.3125, 0.6316713
660,0.5938395,73.4375, 0.6862923
661,0.5323942,71.875, 0.6503103
662,0.4747301,84.375, 0.5254708
663,0.5991483,65.625, 0.7345581
664,0.5731126,68.75, 0.75543904
665,0.63271785,65.625, 0.546473
666,0.48549163,78.125, 0.5359508
667,0.57867706,71.875, 0.44840395
668,0.5799979,71.875, 0.47416306
669,0.5408108,76.5625, 0.6394135
670,0.60893416,68.75, 0.68030274
671,0.47752827,82.8125, 0.7379093
672,0.6182105,71.875, 0.31201524
673,0.5381565,68.75, 0.393182
674,0.51989126,78.125, 0.62354296
675,0.49103636,79.6875, 0.48702303
676,0.47271642,81.25, 0.66864246
677,0.5717293,73.4375, 0.62663996
678,0.60266846,65.625, 0.54657394
679,0.636315,70.3125, 0.58991545
680,0.5523925,73.4375, 0.46097264
681,0.5366999,70.3125, 0.40408146
682,0.49380463,79.6875, 0.55294937
683,0.48197615,81.25, 0.57099926
684,0.5259687,76.5625, 0.5481989
685,0.46764487,81.25, 0.46786028
686,0.546471,67.1875, 0.42998242
687,0.5496497,71.875, 0.45997772
688,0.52054584,68.75, 0.55861723
689,0.6207606,73.4375, 0.39294076
690,0.4603362,78.125, 0.6363791
691,0.5395126,73.4375, 0.4732324
692,0.59405625,71.875, 0.51871824
693,0.62080806,57.8125, 0.48622614
694,0.5274031,81.25, 0.4356834
695,0.51288164,78.125, 0.5769073
696,0.55519474,76.5625, 0.5272654
697,0.43538314,84.375, 0.72411287
698,0.51758474,78.125, 0.62447923
699,0.65826523,65.625, 0.4329093
700,0.5850471,65.625, 0.52679646
701,0.49717024,79.6875, 0.7198809
702,0.5623355,73.4375, 0.62170464
703,0.543072,71.875, 0.69569623
704,0.45393515,79.6875, 0.48292807
705,0.5453681,73.4375, 0.53699297
706,0.55154276,68.75, 0.5022427
707,0.5137349,75.0, 0.46754384
708,0.4952027,81.25, 0.5751604
709,0.48861998,76.5625, 0.7285675
710,0.48783296,76.5625, 0.61296105
711,0.57900417,70.3125, 0.62295353
712,0.49016556,79.6875, 0.7598665
713,0.5701575,75.0, 0.67320234
714,0.5557672,73.4375, 0.6296978
715,0.50058794,81.25, 0.67711055
716,0.59934354,68.75, 0.34649974
717,0.549626,70.3125, 0.46991947
718,0.51979554,76.5625, 0.5746441
719,0.51275194,81.25, 0.6192747
720,0.6417134,65.625, 0.66312194
721,0.6287354,68.75, 0.44402087
722,0.57629013,68.75, 0.48579624
723,0.5465071,71.875, 0.53987026
724,0.47031084,76.5625, 0.72969854
725,0.56706285,67.1875, 0.40795696
726,0.57965684,71.875, 0.3509914
727,0.46627432,84.375, 0.5777712
728,0.60923874,71.875, 0.4648093
729,0.4724318,79.6875, 0.5440426
730,0.45662177,84.375, 0.6736419
731,0.595037,68.75, 0.48111507
732,0.52977115,76.5625, 0.5034665
733,0.59828496,70.3125, 0.4231745
734,0.51323116,84.375, 0.48347723
735,0.53726906,76.5625, 0.59970224
736,0.5603392,73.4375, 0.43359894
737,0.4630685,79.6875, 0.5516226
738,0.5463481,70.3125, 0.57003903
739,0.4663838,84.375, 0.73429525
740,0.6307697,70.3125, 0.4946329
741,0.56224364,71.875, 0.34661442
742,0.49467206,75.0, 0.50398374
743,0.6428591,56.25, 0.43911448
744,0.44469333,84.375, 0.653304
745,0.5528538,73.4375, 0.45268095
746,0.5584676,76.5625, 0.4259854
747,0.49032286,76.5625, 0.44191968
748,0.6602843,59.375, 0.5497306
749,0.44019762,81.25, 0.5219579
750,0.47837183,78.125, 0.56774664
751,0.541005,73.4375, 0.6621305
752,0.52186203,76.5625, 0.51407814
753,0.54020053,75.0, 0.47050163
754,0.51780593,78.125, 0.37206465
755,0.5438218,76.5625, 0.38846013
756,0.42167798,82.8125, 0.69029224
757,0.45827627,84.375, 0.59713614
758,0.56252706,70.3125, 0.47395042
759,0.4538537,82.8125, 0.53955567
760,0.52904665,71.875, 0.44822848
761,0.5729611,68.75, 0.5393858
762,0.58859056,70.3125, 0.36955744
763,0.48487353,76.5625, 0.50499827
764,0.5688484,68.75, 0.40576625
765,0.37247527,89.0625, 0.7174044
766,0.65521735,57.8125, 0.47969937
767,0.51929283,79.6875, 0.7716993
768,0.49505037,76.5625, 0.7181394
769,0.56012064,76.5625, 0.5748687
770,0.42571932,82.8125, 0.676916
771,0.6661391,64.0625, 0.40089136
772,0.48084033,79.6875, 0.46456617
773,0.56125927,73.4375, 0.5232244
774,0.47024545,79.6875, 0.6605792
775,0.60095286,70.3125, 0.37426516
776,0.46677563,81.25, 0.58670884
777,0.58745915,68.75, 0.46377593
778,0.43462896,81.25, 0.6392205
779,0.43016875,84.375, 0.59902453
780,0.61921763,64.0625, 0.47286135
781,0.5535789,73.4375, 0.56548464
782,0.60212475,68.75, 0.46203622
783,0.6511346,57.8125, 0.28439528
784,0.5737394,71.875, 0.39314535
785,0.52790093,73.4375, 0.44272703
786,0.53668976,73.4375, 0.521494
787,0.4768738,78.125, 0.5481427
788,0.5346664,76.5625, 0.49167064
789,0.4828508,78.125, 0.38338068
790,0.5251788,70.3125, 0.44434354
791,0.5009105,76.5625, 0.5478361
792,0.5159614,73.4375, 0.61899924
793,0.51867604,67.1875, 0.45692265
794,0.58037084,70.3125, 0.48637095
795,0.5688774,68.75, 0.48180965
796,0.49685147,79.6875, 0.474122
797,0.5340274,73.4375, 0.64687204
798,0.50460863,73.4375, 0.5343907
799,0.5230034,76.5625, 0.5667372
800,0.479018,76.5625, 0.6491519
801,0.42304066,82.8125, 0.7286197
802,0.4573463,78.125, 0.68609643
803,0.5439126,75.0, 0.43899336
804,0.5083865,79.6875, 0.55425024
805,0.55665624,70.3125, 0.54330325
806,0.6404257,62.5, 0.4407336
807,0.47189277,81.25, 0.57136256
808,0.41316074,79.6875, 0.715119
809,0.45327166,76.5625, 0.7663183
810,0.55021584,76.5625, 0.5915281
811,0.39583635,82.8125, 0.66146857
812,0.43647504,81.25, 0.79991823
813,0.574489,68.75, 0.5637022
814,0.6433462,65.625, 0.5401002
815,0.48182958,76.5625, 0.55743444
816,0.5110414,79.6875, 0.5751139
817,0.42723492,81.25, 0.77836
818,0.5205626,76.5625, 0.5361702
819,0.43803406,79.6875, 0.88342416
820,0.5757358,71.875, 0.54176116
821,0.50199455,75.0, 0.47654417
822,0.54895604,75.0, 0.5412345
823,0.5081964,75.0, 0.6108272
824,0.5606355,70.3125, 0.45245922
825,0.60295296,67.1875, 0.4640053
826,0.48915368,76.5625, 0.66488504
827,0.5921825,64.0625, 0.5694239
828,0.55604076,68.75, 0.3987016
829,0.47012913,79.6875, 0.41596496
830,0.50893486,78.125, 0.46111706
831,0.50438505,75.0, 0.5732291
832,0.5142833,73.4375, 0.6206311
833,0.44750607,82.8125, 0.6169472
834,0.624238,68.75, 0.49952823
835,0.7096496,57.8125, 0.39573175
836,0.49054113,78.125, 0.50493824
837,0.57622397,70.3125, 0.41999817
838,0.43188643,78.125, 0.69992197
839,0.53199184,75.0, 0.50875896
840,0.49593428,76.5625, 0.430237
841,0.5935651,76.5625, 0.4110989
842,0.5070678,71.875, 0.47514325
843,0.50397015,79.6875, 0.52631414
844,0.52382267,73.4375, 0.4299699
845,0.4668433,82.8125, 0.5551393
846,0.34430188,89.0625, 0.67041075
847,0.47637615,78.125, 0.7235652
848,0.4325148,79.6875, 0.7317203
849,0.46068597,75.0, 0.86659896
850,0.5008851,76.5625, 0.69683504
851,0.52183235,70.3125, 0.50852233
852,0.5213073,70.3125, 0.47340626
853,0.51720965,75.0, 0.5399444
854,0.45442387,81.25, 0.7604362
855,0.51068544,79.6875, 0.7845606
856,0.65478295,62.5, 0.47719485
857,0.54565704,76.5625, 0.54365563
858,0.5302088,70.3125, 0.5697066
859,0.4722386,79.6875, 0.615123
860,0.49535114,73.4375, 0.5647981
861,0.6574471,59.375, 0.44680303
862,0.58653563,71.875, 0.503144
863,0.44333482,78.125, 0.6331619
864,0.41427433,84.375, 0.79819125
865,0.5907823,65.625, 0.38676047
866,0.5779277,76.5625, 0.39290056
867,0.62146926,62.5, 0.5622988
868,0.4481469,78.125, 0.5495484
869,0.5243686,76.5625, 0.7228245
870,0.6021655,68.75, 0.47805184
871,0.50310767,71.875, 0.37467122
872,0.4890791,76.5625, 0.4149453
873,0.60060734,68.75, 0.47981483
874,0.47436282,78.125, 0.5654812
875,0.40321988,87.5, 0.6116465
876,0.4587736,78.125, 0.6406615
877,0.47764197,79.6875, 0.64518803
878,0.56977016,73.4375, 0.59390277
879,0.38373554,84.375, 0.6871665
880,0.4972931,70.3125, 0.9281601
881,0.59179986,71.875, 0.766729
882,0.58171797,78.125, 0.6151115
883,0.47556338,84.375, 0.5731179
884,0.48879182,76.5625, 0.501191
885,0.44725454,78.125, 0.7222184
886,0.5628628,70.3125, 0.6212233
887,0.44857126,82.8125, 0.63833994
888,0.6097083,67.1875, 0.38920498
889,0.4332633,85.9375, 0.6888368
890,0.50793475,78.125, 0.7494108
891,0.5346325,76.5625, 0.5377024
892,0.41311288,81.25, 0.577237
893,0.577807,73.4375, 0.54585296
894,0.66089106,67.1875, 0.3752294
895,0.5325798,70.3125, 0.60779047
896,0.5349474,76.5625, 0.5525753
897,0.47290713,76.5625, 0.6179501
898,0.54474807,71.875, 0.5673182
899,0.55781394,62.5, 0.44017088
900,0.5204482,73.4375, 0.65777755
901,0.5437122,71.875, 0.5700425
902,0.56033117,68.75, 0.57404804
903,0.48693073,78.125, 0.6703434
904,0.5046626,75.0, 0.58797204
905,0.6022295,65.625, 0.380373
906,0.47871706,78.125, 0.7188893
907,0.47127926,81.25, 0.74626863
908,0.47463384,78.125, 0.5483589
909,0.52806664,75.0, 0.5862086
910,0.422491,81.25, 0.5279031
911,0.5056407,78.125, 0.5553913
912,0.5895661,71.875, 0.6203573
913,0.41614443,85.9375, 0.6726507
914,0.57699764,68.75, 0.7911748
915,0.37612993,84.375, 0.85486805
916,0.58700967,64.0625, 0.6676454
917,0.6026044,65.625, 0.48810562
918,0.5324466,70.3125, 0.4301105
919,0.4896956,75.0, 0.45806703
920,0.5541018,71.875, 0.4283747
921,0.5920762,60.9375, 0.4110328
922,0.5885286,65.625, 0.30388317
923,0.48006263,82.8125, 0.46443802
924,0.5190435,81.25, 0.3699069
925,0.44162646,82.8125, 0.5077292
926,0.47537166,76.5625, 0.5257058
927,0.49183577,76.5625, 0.5064326
928,0.5511956,67.1875, 0.50487065
929,0.5799843,67.1875, 0.34538335
930,0.48977405,78.125, 0.39807546
931,0.61380786,70.3125, 0.3955197
932,0.6641939,53.125, 0.35498455
933,0.43195447,81.25, 0.5849221
934,0.5098883,75.0, 0.5908627
935,0.4957788,76.5625, 0.57483804
936,0.49632537,73.4375, 0.47832358
937,0.59348935,60.9375, 0.4357438
938,0.45893747,78.125, 0.5991399
939,0.47187406,75.0, 0.5782422
940,0.5027932,76.5625, 0.61065376
941,0.528497,70.3125, 0.5346813
942,0.47979826,79.6875, 0.59233713
943,0.5406092,76.5625, 0.5401546
944,0.47230038,79.6875, 0.48180637
945,0.3870837,81.25, 0.5790849
946,0.55304396,68.75, 0.39162645
947,0.5818642,67.1875, 0.50218934
948,0.5761512,71.875, 0.43987465
949,0.5190687,76.5625, 0.49855575
950,0.535666,73.4375, 0.42088306
951,0.5551702,73.4375, 0.43152335
952,0.55350816,65.625, 0.55563617
953,0.45941663,82.8125, 0.55307674
954,0.6512834,53.125, 0.45547962
955,0.55437046,71.875, 0.5685524
956,0.5233762,73.4375, 0.53458834
957,0.4850121,76.5625, 0.44711196
958,0.48473832,78.125, 0.5298203
959,0.45194662,78.125, 0.52708006
960,0.47353005,75.0, 0.63541055
961,0.43529803,81.25, 0.85468507
962,0.46819866,79.6875, 0.64645886
963,0.399979,84.375, 0.78420115
964,0.6758648,64.0625, 0.62987065
965,0.54979205,71.875, 0.54465735
966,0.57823783,65.625, 0.43924135
967,0.45691776,78.125, 0.6644207
968,0.59164894,70.3125, 0.48607504
969,0.5389003,71.875, 0.4196899
970,0.480169,81.25, 0.5325652
971,0.5910796,67.1875, 0.33881533
972,0.54527676,75.0, 0.47399804
973,0.55136526,68.75, 0.49240613
974,0.5047387,76.5625, 0.4524845
975,0.55252266,68.75, 0.5463041
976,0.5624607,79.6875, 0.39058226
977,0.5082038,79.6875, 0.43222976
978,0.5439587,70.3125, 0.47564277
979,0.4869529,79.6875, 0.6303328
980,0.68823534,64.0625, 0.41566843
981,0.45335743,79.6875, 0.60425705
982,0.46583116,76.5625, 0.6559392
983,0.3747132,85.9375, 0.7945275
984,0.54623216,75.0, 0.71874297
985,0.5196918,71.875, 0.45289788
986,0.58395934,71.875, 0.44182003
987,0.5755721,71.875, 0.34387648
988,0.5307199,70.3125, 0.33779615
989,0.55521697,70.3125, 0.3959803
990,0.4238775,85.9375, 0.48014948
991,0.42803273,84.375, 0.47595027
992,0.4692916,75.0, 0.586818
993,0.58652765,68.75, 0.56320405
994,0.46528184,75.0, 0.5218369
995,0.48338693,78.125, 0.398085
996,0.52404284,76.5625, 0.44352603
997,0.5924031,68.75, 0.3590963
998,0.5359807,70.3125, 0.40887085
999,0.54186493,67.1875, 0.46931997
1000,0.50279677,75.0, 0.58485115
1001,0.55105877,75.0, 0.61216146
1002,0.5057671,71.875, 0.76984674
1003,0.652777,62.5, 0.4007927
1004,0.4926399,78.125, 0.5866091
1005,0.4975623,81.25, 0.45133108
1006,0.5273323,71.875, 0.48876822
1007,0.548193,79.6875, 0.49070418
1008,0.38626823,89.0625, 0.6997873
1009,0.52150714,76.5625, 0.58914685
1010,0.57061565,73.4375, 0.530841
1011,0.44390583,76.5625, 0.6882722
1012,0.4458074,81.25, 0.5750759
1013,0.54611504,75.0, 0.6247848
1014,0.49680936,76.5625, 0.49155733
1015,0.57136995,67.1875, 0.72325194
1016,0.52357537,79.6875, 0.62823
1017,0.63597554,64.0625, 0.29821718
1018,0.5327646,70.3125, 0.34784305
1019,0.48033476,78.125, 0.5190914
1020,0.49551737,73.4375, 0.531001
1021,0.4742289,78.125, 0.4678635
1022,0.50888604,76.5625, 0.47526115
1023,0.471306,78.125, 0.47316122
1024,0.5511139,73.4375, 0.57453847
1025,0.4914524,67.1875, 0.5273698
1026,0.52202857,76.5625, 0.42824352
1027,0.52354056,70.3125, 0.49799645
1028,0.47825557,78.125, 0.42007977
1029,0.6449627,62.5, 0.33223885
1030,0.5233523,68.75, 0.39643034
1031,0.5145247,78.125, 0.5209824
1032,0.49476314,75.0, 0.51141816
1033,0.437014,81.25, 0.5911002
1034,0.45269752,79.6875, 0.7009101
1035,0.51712966,73.4375, 0.6455658
1036,0.6020294,70.3125, 0.4537406
1037,0.46500707,84.375, 0.5768158
1038,0.55371463,65.625, 0.4945898
1039,0.57775533,70.3125, 0.6973959
1040,0.5088028,73.4375, 0.469505
1041,0.44890636,85.9375, 0.654019
1042,0.5146198,75.0, 0.5472748
1043,0.51899886,76.5625, 0.4975047
1044,0.47608382,79.6875, 0.5840687
1045,0.48537385,81.25, 0.49986303
1046,0.47562203,78.125, 0.4743761
1047,0.56939113,71.875, 0.53230786
1048,0.5084413,78.125, 0.53488165
1049,0.46511924,76.5625, 0.4976183
1050,0.5661101,70.3125, 0.4409371
1051,0.6611401,60.9375, 0.49537745
1052,0.40114653,87.5, 0.7651823
1053,0.42515528,79.6875, 0.72671807
1054,0.59876436,75.0, 0.5348585
1055,0.7048581,60.9375, 0.40550673
1056,0.44392818,81.25, 0.5008086
1057,0.5314021,70.3125, 0.42740852
1058,0.5216122,68.75, 0.48812068
1059,0.45479053,85.9375, 0.5878193
1060,0.53144926,70.3125, 0.5667232
1061,0.5887204,75.0, 0.39599082
1062,0.5624599,67.1875, 0.6074392
1063,0.50260323,73.4375, 0.5169094
1064,0.529622,78.125, 0.55163276
1065,0.5641664,75.0, 0.6277989
1066,0.53038406,75.0, 0.49870488
1067,0.43184674,81.25, 0.51147574
1068,0.4753433,78.125, 0.5635394
1069,0.38234618,85.9375, 0.70913064
1070,0.44103312,82.8125, 0.74730986
1071,0.59501994,73.4375, 0.55618984
1072,0.5384736,75.0, 0.6076369
1073,0.51733696,76.5625, 0.43171832
1074,0.57572716,76.5625, 0.49810874
1075,0.58345157,71.875, 0.38852906
1076,0.5295133,71.875, 0.40521803
1077,0.48358482,78.125, 0.49742997
1078,0.5599359,71.875, 0.48476288
1079,0.46601507,78.125, 0.51131964
1080,0.61785585,64.0625, 0.5538776
1081,0.47592223,76.5625, 0.5282606
1082,0.5280497,71.875, 0.47146958
1083,0.51690114,76.5625, 0.6335498
1084,0.60008264,67.1875, 0.3998212
1085,0.55355287,67.1875, 0.3817435
1086,0.583729,60.9375, 0.3982915
1087,0.46315947,78.125, 0.5601789
1088,0.6010374,59.375, 0.37164634
1089,0.46506345,79.6875, 0.35947636
1090,0.55108887,65.625, 0.36821726
1091,0.45548737,87.5, 0.45057526
1092,0.58450115,71.875, 0.39897704
1093,0.62805396,67.1875, 0.40021718
1094,0.46882486,78.125, 0.39996576
1095,0.5446907,73.4375, 0.3941685
1096,0.51057994,81.25, 0.52097064
1097,0.49085268,78.125, 0.58373356
1098,0.4934857,73.4375, 0.4043113
1099,0.64054465,68.75, 0.54330206
1100,0.36346248,89.0625, 0.5391952
1101,0.54645705,73.4375, 0.4711448
1102,0.5520121,71.875, 0.48879772
1103,0.44689775,82.8125, 0.48807102
1104,0.3998228,85.9375, 0.57712185
1105,0.60353726,64.0625, 0.43090808
1106,0.40242332,84.375, 0.46275404
1107,0.6099924,67.1875, 0.53769445
1108,0.5236166,79.6875, 0.40777332
1109,0.5418773,71.875, 0.5100616
1110,0.52737224,71.875, 0.45407724
1111,0.4965617,76.5625, 0.51738334
1112,0.48907205,82.8125, 0.61658275
1113,0.42531186,79.6875, 0.5348829
1114,0.4807588,79.6875, 0.49575967
1115,0.40011477,85.9375, 0.7581947
1116,0.51960325,78.125, 0.50665736
1117,0.42646307,84.375, 0.6182542
1118,0.5442907,73.4375, 0.6263409
1119,0.5432887,73.4375, 0.47893953
1120,0.6920737,59.375, 0.62666
1121,0.5409689,71.875, 0.66979235
1122,0.64089525,65.625, 0.42318463
1123,0.6169108,67.1875, 0.34270898
1124,0.55784667,70.3125, 0.4317448
1125,0.49292976,75.0, 0.42215845
1126,0.5490153,79.6875, 0.44341755
